Match_ID,League,Season,Date,Time,Team_Home,Team_Away,Score_Home,Score_Away,Label_Path
england_epl_2015-02-21_Chelsea_vs_Burnley,england_epl,2014-2015,2015-02-21,18:00,Chelsea,Burnley,1,1,C:\Users\mansi\SheInnovates\SoccerNetData\england_epl\2014-2015\2015-02-21 - 18-00 Chelsea 1 - 1 Burnley\Labels-v2.json
england_epl_2015-02-21_Crystal_Palace_vs_Arsenal,england_epl,2014-2015,2015-02-21,18:00,Crystal Palace,Arsenal,1,2,C:\Users\mansi\SheInnovates\SoccerNetData\england_epl\2014-2015\2015-02-21 - 18-00 Crystal Palace 1 - 2 Arsenal\Labels-v2.json
england_epl_2015-02-21_Swansea_vs_Manchester_United,england_epl,2014-2015,2015-02-21,18:00,Swansea,Manchester United,2,1,C:\Users\mansi\SheInnovates\SoccerNetData\england_epl\2014-2015\2015-02-21 - 18-00 Swansea 2 - 1 Manchester United\Labels-v2.json
england_epl_2015-02-22_Southampton_vs_Liverpool,england_epl,2014-2015,2015-02-22,19:15,Southampton,Liverpool,0,2,C:\Users\mansi\SheInnovates\SoccerNetData\england_epl\2014-2015\2015-02-22 - 19-15 Southampton 0 - 2 Liverpool\Labels-v2.json
england_epl_2015-08-08_Chelsea_vs_Swansea,england_epl,2015-2016,2015-08-08,19:30,Chelsea,Swansea,2,2,C:\Users\mansi\SheInnovates\SoccerNetData\england_epl\2015-2016\2015-08-08 - 19-30 Chelsea 2 - 2 Swansea\Labels-v2.json
england_epl_2015-08-29_Chelsea_vs_Crystal_Palace,england_epl,2015-2016,2015-08-29,17:00,Chelsea,Crystal Palace,1,2,C:\Users\mansi\SheInnovates\SoccerNetData\england_epl\2015-2016\2015-08-29 - 17-00 Chelsea 1 - 2 Crystal Palace\Labels-v2.json
england_epl_2015-08-29_Manchester_City_vs_Watford,england_epl,2015-2016,2015-08-29,17:00,Manchester City,Watford,2,0,C:\Users\mansi\SheInnovates\SoccerNetData\england_epl\2015-2016\2015-08-29 - 17-00 Manchester City 2 - 0 Watford\Labels-v2.json
england_epl_2015-09-12_Everton_vs_Chelsea,england_epl,2015-2016,2015-09-12,14:45,Everton,Chelsea,3,1,C:\Users\mansi\SheInnovates\SoccerNetData\england_epl\2015-2016\2015-09-12 - 14-45 Everton 3 - 1 Chelsea\Labels-v2.json
england_epl_2015-09-12_Crystal_Palace_vs_Manchester_City,england_epl,2015-2016,2015-09-12,17:00,Crystal Palace,Manchester City,0,1,C:\Users\mansi\SheInnovates\SoccerNetData\england_epl\2015-2016\2015-09-12 - 17-00 Crystal Palace 0 - 1 Manchester City\Labels-v2.json
england_epl_2015-09-19_Manchester_City_vs_West_Ham,england_epl,2015-2016,2015-09-19,19:30,Manchester City,West Ham,1,2,C:\Users\mansi\SheInnovates\SoccerNetData\england_epl\2015-2016\2015-09-19 - 19-30 Manchester City 1 - 2 West Ham\Labels-v2.json
england_epl_2015-09-26_Liverpool_vs_Aston_Villa,england_epl,2015-2016,2015-09-26,17:00,Liverpool,Aston Villa,3,2,C:\Users\mansi\SheInnovates\SoccerNetData\england_epl\2015-2016\2015-09-26 - 17-00 Liverpool 3 - 2 Aston Villa\Labels-v2.json
england_epl_2015-10-17_Chelsea_vs_Aston_Villa,england_epl,2015-2016,2015-10-17,17:00,Chelsea,Aston Villa,2,0,C:\Users\mansi\SheInnovates\SoccerNetData\england_epl\2015-2016\2015-10-17 - 17-00 Chelsea 2 - 0 Aston Villa\Labels-v2.json
england_epl_2015-10-31_Chelsea_vs_Liverpool,england_epl,2015-2016,2015-10-31,15:45,Chelsea,Liverpool,1,3,C:\Users\mansi\SheInnovates\SoccerNetData\england_epl\2015-2016\2015-10-31 - 15-45 Chelsea 1 - 3 Liverpool\Labels-v2.json
england_epl_2015-11-07_Manchester_United_vs_West_Brom,england_epl,2015-2016,2015-11-07,18:00,Manchester United,West Brom,2,0,C:\Users\mansi\SheInnovates\SoccerNetData\england_epl\2015-2016\2015-11-07 - 18-00 Manchester United 2 - 0 West Brom\Labels-v2.json
england_epl_2015-11-21_Manchester_City_vs_Liverpool,england_epl,2015-2016,2015-11-21,20:30,Manchester City,Liverpool,1,4,C:\Users\mansi\SheInnovates\SoccerNetData\england_epl\2015-2016\2015-11-21 - 20-30 Manchester City 1 - 4 Liverpool\Labels-v2.json
england_epl_2015-11-29_Tottenham_vs_Chelsea,england_epl,2015-2016,2015-11-29,15:00,Tottenham,Chelsea,0,0,C:\Users\mansi\SheInnovates\SoccerNetData\england_epl\2015-2016\2015-11-29 - 15-00 Tottenham 0 - 0 Chelsea\Labels-v2.json
england_epl_2015-12-05_Chelsea_vs_Bournemouth,england_epl,2015-2016,2015-12-05,20:30,Chelsea,Bournemouth,0,1,C:\Users\mansi\SheInnovates\SoccerNetData\england_epl\2015-2016\2015-12-05 - 20-30 Chelsea 0 - 1 Bournemouth\Labels-v2.json
england_epl_2015-12-19_Chelsea_vs_Sunderland,england_epl,2015-2016,2015-12-19,18:00,Chelsea,Sunderland,3,1,C:\Users\mansi\SheInnovates\SoccerNetData\england_epl\2015-2016\2015-12-19 - 18-00 Chelsea 3 - 1 Sunderland\Labels-v2.json
england_epl_2015-12-26_Manchester_City_vs_Sunderland,england_epl,2015-2016,2015-12-26,18:00,Manchester City,Sunderland,4,1,C:\Users\mansi\SheInnovates\SoccerNetData\england_epl\2015-2016\2015-12-26 - 18-00 Manchester City 4 - 1 Sunderland\Labels-v2.json
england_epl_2016-01-03_Crystal_Palace_vs_Chelsea,england_epl,2015-2016,2016-01-03,16:30,Crystal Palace,Chelsea,0,3,C:\Users\mansi\SheInnovates\SoccerNetData\england_epl\2015-2016\2016-01-03 - 16-30 Crystal Palace 0 - 3 Chelsea\Labels-v2.json
england_epl_2016-01-13_Chelsea_vs_West_Brom,england_epl,2015-2016,2016-01-13,22:45,Chelsea,West Brom,2,2,C:\Users\mansi\SheInnovates\SoccerNetData\england_epl\2015-2016\2016-01-13 - 22-45 Chelsea 2 - 2 West Brom\Labels-v2.json
england_epl_2016-02-07_Chelsea_vs_Manchester_United,england_epl,2015-2016,2016-02-07,19:00,Chelsea,Manchester United,1,1,C:\Users\mansi\SheInnovates\SoccerNetData\england_epl\2015-2016\2016-02-07 - 19-00 Chelsea 1 - 1 Manchester United\Labels-v2.json
england_epl_2016-02-14_Manchester_City_vs_Tottenham,england_epl,2015-2016,2016-02-14,19:15,Manchester City,Tottenham,1,2,C:\Users\mansi\SheInnovates\SoccerNetData\england_epl\2015-2016\2016-02-14 - 19-15 Manchester City 1 - 2 Tottenham\Labels-v2.json
england_epl_2016-03-02_Liverpool_vs_Manchester_City,england_epl,2015-2016,2016-03-02,23:00,Liverpool,Manchester City,3,0,C:\Users\mansi\SheInnovates\SoccerNetData\england_epl\2015-2016\2016-03-02 - 23-00 Liverpool 3 - 0 Manchester City\Labels-v2.json
england_epl_2016-03-05_Chelsea_vs_Stoke_City,england_epl,2015-2016,2016-03-05,18:00,Chelsea,Stoke City,1,1,C:\Users\mansi\SheInnovates\SoccerNetData\england_epl\2015-2016\2016-03-05 - 18-00 Chelsea 1 - 1 Stoke City\Labels-v2.json
england_epl_2016-03-19_Chelsea_vs_West_Ham,england_epl,2015-2016,2016-03-19,18:00,Chelsea,West Ham,2,2,C:\Users\mansi\SheInnovates\SoccerNetData\england_epl\2015-2016\2016-03-19 - 18-00 Chelsea 2 - 2 West Ham\Labels-v2.json
england_epl_2016-04-09_Swansea_vs_Chelsea,england_epl,2015-2016,2016-04-09,17:00,Swansea,Chelsea,1,0,C:\Users\mansi\SheInnovates\SoccerNetData\england_epl\2015-2016\2016-04-09 - 17-00 Swansea 1 - 0 Chelsea\Labels-v2.json
england_epl_2016-04-09_Manchester_City_vs_West_Brom,england_epl,2015-2016,2016-04-09,19:30,Manchester City,West Brom,2,1,C:\Users\mansi\SheInnovates\SoccerNetData\england_epl\2015-2016\2016-04-09 - 19-30 Manchester City 2 - 1 West Brom\Labels-v2.json
england_epl_2016-05-07_Sunderland_vs_Chelsea,england_epl,2015-2016,2016-05-07,17:00,Sunderland,Chelsea,3,2,C:\Users\mansi\SheInnovates\SoccerNetData\england_epl\2015-2016\2016-05-07 - 17-00 Sunderland 3 - 2 Chelsea\Labels-v2.json
england_epl_2016-08-14_Arsenal_vs_Liverpool,england_epl,2016-2017,2016-08-14,18:00,Arsenal,Liverpool,3,4,C:\Users\mansi\SheInnovates\SoccerNetData\england_epl\2016-2017\2016-08-14 - 18-00 Arsenal 3 - 4 Liverpool\Labels-v2.json
england_epl_2016-08-20_Burnley_vs_Liverpool,england_epl,2016-2017,2016-08-20,17:00,Burnley,Liverpool,2,0,C:\Users\mansi\SheInnovates\SoccerNetData\england_epl\2016-2017\2016-08-20 - 17-00 Burnley 2 - 0 Liverpool\Labels-v2.json
england_epl_2016-08-20_Leicester_vs_Arsenal,england_epl,2016-2017,2016-08-20,19:30,Leicester,Arsenal,0,0,C:\Users\mansi\SheInnovates\SoccerNetData\england_epl\2016-2017\2016-08-20 - 19-30 Leicester 0 - 0 Arsenal\Labels-v2.json
england_epl_2016-09-10_Arsenal_vs_Southampton,england_epl,2016-2017,2016-09-10,17:00,Arsenal,Southampton,2,1,C:\Users\mansi\SheInnovates\SoccerNetData\england_epl\2016-2017\2016-09-10 - 17-00 Arsenal 2 - 1 Southampton\Labels-v2.json
england_epl_2016-09-16_Chelsea_vs_Liverpool,england_epl,2016-2017,2016-09-16,22:00,Chelsea,Liverpool,1,2,C:\Users\mansi\SheInnovates\SoccerNetData\england_epl\2016-2017\2016-09-16 - 22-00 Chelsea 1 - 2 Liverpool\Labels-v2.json
england_epl_2016-09-17_Hull_City_vs_Arsenal,england_epl,2016-2017,2016-09-17,17:00,Hull City,Arsenal,1,4,C:\Users\mansi\SheInnovates\SoccerNetData\england_epl\2016-2017\2016-09-17 - 17-00 Hull City 1 - 4 Arsenal\Labels-v2.json
england_epl_2016-09-24_Arsenal_vs_Chelsea,england_epl,2016-2017,2016-09-24,19:30,Arsenal,Chelsea,3,0,C:\Users\mansi\SheInnovates\SoccerNetData\england_epl\2016-2017\2016-09-24 - 19-30 Arsenal 3 - 0 Chelsea\Labels-v2.json
england_epl_2016-10-17_Liverpool_vs_Manchester_United,england_epl,2016-2017,2016-10-17,22:00,Liverpool,Manchester United,0,0,C:\Users\mansi\SheInnovates\SoccerNetData\england_epl\2016-2017\2016-10-17 - 22-00 Liverpool 0 - 0 Manchester United\Labels-v2.json
england_epl_2016-10-22_Liverpool_vs_West_Brom,england_epl,2016-2017,2016-10-22,19:30,Liverpool,West Brom,2,1,C:\Users\mansi\SheInnovates\SoccerNetData\england_epl\2016-2017\2016-10-22 - 19-30 Liverpool 2 - 1 West Brom\Labels-v2.json
england_epl_2016-10-29_Sunderland_vs_Arsenal,england_epl,2016-2017,2016-10-29,14:30,Sunderland,Arsenal,1,4,C:\Users\mansi\SheInnovates\SoccerNetData\england_epl\2016-2017\2016-10-29 - 14-30 Sunderland 1 - 4 Arsenal\Labels-v2.json
england_epl_2016-10-29_Tottenham_vs_Leicester,england_epl,2016-2017,2016-10-29,17:00,Tottenham,Leicester,1,1,C:\Users\mansi\SheInnovates\SoccerNetData\england_epl\2016-2017\2016-10-29 - 17-00 Tottenham 1 - 1 Leicester\Labels-v2.json
england_epl_2016-11-06_Liverpool_vs_Watford,england_epl,2016-2017,2016-11-06,17:15,Liverpool,Watford,6,1,C:\Users\mansi\SheInnovates\SoccerNetData\england_epl\2016-2017\2016-11-06 - 17-15 Liverpool 6 - 1 Watford\Labels-v2.json
england_epl_2016-11-06_Leicester_vs_West_Brom,england_epl,2016-2017,2016-11-06,19:30,Leicester,West Brom,1,2,C:\Users\mansi\SheInnovates\SoccerNetData\england_epl\2016-2017\2016-11-06 - 19-30 Leicester 1 - 2 West Brom\Labels-v2.json
england_epl_2016-11-19_Southampton_vs_Liverpool,england_epl,2016-2017,2016-11-19,18:00,Southampton,Liverpool,0,0,C:\Users\mansi\SheInnovates\SoccerNetData\england_epl\2016-2017\2016-11-19 - 18-00 Southampton 0 - 0 Liverpool\Labels-v2.json
england_epl_2016-11-26_Liverpool_vs_Sunderland,england_epl,2016-2017,2016-11-26,18:00,Liverpool,Sunderland,2,0,C:\Users\mansi\SheInnovates\SoccerNetData\england_epl\2016-2017\2016-11-26 - 18-00 Liverpool 2 - 0 Sunderland\Labels-v2.json
england_epl_2016-12-10_Leicester_vs_Manchester_City,england_epl,2016-2017,2016-12-10,20:30,Leicester,Manchester City,4,2,C:\Users\mansi\SheInnovates\SoccerNetData\england_epl\2016-2017\2016-12-10 - 20-30 Leicester 4 - 2 Manchester City\Labels-v2.json
england_epl_2016-12-11_Liverpool_vs_West_Ham,england_epl,2016-2017,2016-12-11,19:30,Liverpool,West Ham,2,2,C:\Users\mansi\SheInnovates\SoccerNetData\england_epl\2016-2017\2016-12-11 - 19-30 Liverpool 2 - 2 West Ham\Labels-v2.json
england_epl_2016-12-14_Middlesbrough_vs_Liverpool,england_epl,2016-2017,2016-12-14,22:45,Middlesbrough,Liverpool,0,3,C:\Users\mansi\SheInnovates\SoccerNetData\england_epl\2016-2017\2016-12-14 - 22-45 Middlesbrough 0 - 3 Liverpool\Labels-v2.json
england_epl_2016-12-19_Everton_vs_Liverpool,england_epl,2016-2017,2016-12-19,23:00,Everton,Liverpool,0,1,C:\Users\mansi\SheInnovates\SoccerNetData\england_epl\2016-2017\2016-12-19 - 23-00 Everton 0 - 1 Liverpool\Labels-v2.json
england_epl_2016-12-27_Liverpool_vs_Stoke_City,england_epl,2016-2017,2016-12-27,20:15,Liverpool,Stoke City,4,1,C:\Users\mansi\SheInnovates\SoccerNetData\england_epl\2016-2017\2016-12-27 - 20-15 Liverpool 4 - 1 Stoke City\Labels-v2.json
england_epl_2016-12-31_Liverpool_vs_Manchester_City,england_epl,2016-2017,2016-12-31,20:30,Liverpool,Manchester City,1,0,C:\Users\mansi\SheInnovates\SoccerNetData\england_epl\2016-2017\2016-12-31 - 20-30 Liverpool 1 - 0 Manchester City\Labels-v2.json
england_epl_2017-01-02_Middlesbrough_vs_Leicester,england_epl,2016-2017,2017-01-02,15:30,Middlesbrough,Leicester,0,0,C:\Users\mansi\SheInnovates\SoccerNetData\england_epl\2016-2017\2017-01-02 - 15-30 Middlesbrough 0 - 0 Leicester\Labels-v2.json
england_epl_2017-01-02_Sunderland_vs_Liverpool,england_epl,2016-2017,2017-01-02,18:00,Sunderland,Liverpool,2,2,C:\Users\mansi\SheInnovates\SoccerNetData\england_epl\2016-2017\2017-01-02 - 18-00 Sunderland 2 - 2 Liverpool\Labels-v2.json
england_epl_2017-01-14_Leicester_vs_Chelsea,england_epl,2016-2017,2017-01-14,20:30,Leicester,Chelsea,0,3,C:\Users\mansi\SheInnovates\SoccerNetData\england_epl\2016-2017\2017-01-14 - 20-30 Leicester 0 - 3 Chelsea\Labels-v2.json
england_epl_2017-01-15_Manchester_United_vs_Liverpool,england_epl,2016-2017,2017-01-15,19:00,Manchester United,Liverpool,1,1,C:\Users\mansi\SheInnovates\SoccerNetData\england_epl\2016-2017\2017-01-15 - 19-00 Manchester United 1 - 1 Liverpool\Labels-v2.json
england_epl_2017-01-31_Liverpool_vs_Chelsea,england_epl,2016-2017,2017-01-31,23:00,Liverpool,Chelsea,1,1,C:\Users\mansi\SheInnovates\SoccerNetData\england_epl\2016-2017\2017-01-31 - 23-00 Liverpool 1 - 1 Chelsea\Labels-v2.json
england_epl_2017-02-27_Leicester_vs_Liverpool,england_epl,2016-2017,2017-02-27,23:00,Leicester,Liverpool,3,1,C:\Users\mansi\SheInnovates\SoccerNetData\england_epl\2016-2017\2017-02-27 - 23-00 Leicester 3 - 1 Liverpool\Labels-v2.json
england_epl_2017-04-26_Arsenal_vs_Leicester,england_epl,2016-2017,2017-04-26,21:45,Arsenal,Leicester,1,0,C:\Users\mansi\SheInnovates\SoccerNetData\england_epl\2016-2017\2017-04-26 - 21-45 Arsenal 1 - 0 Leicester\Labels-v2.json
england_epl_2017-05-13_Manchester_City_vs_Leicester,england_epl,2016-2017,2017-05-13,14:30,Manchester City,Leicester,2,1,C:\Users\mansi\SheInnovates\SoccerNetData\england_epl\2016-2017\2017-05-13 - 14-30 Manchester City 2 - 1 Leicester\Labels-v2.json
europe_uefa-champions-league_2014-11-04_Arsenal_vs_Anderlecht,europe_uefa-champions-league,2014-2015,2014-11-04,22:45,Arsenal,Anderlecht,3,3,C:\Users\mansi\SheInnovates\SoccerNetData\europe_uefa-champions-league\2014-2015\2014-11-04 - 22-45 Arsenal 3 - 3 Anderlecht\Labels-v2.json
europe_uefa-champions-league_2014-11-04_Dortmund_vs_Galatasaray,europe_uefa-champions-league,2014-2015,2014-11-04,22:45,Dortmund,Galatasaray,4,1,C:\Users\mansi\SheInnovates\SoccerNetData\europe_uefa-champions-league\2014-2015\2014-11-04 - 22-45 Dortmund 4 - 1 Galatasaray\Labels-v2.json
europe_uefa-champions-league_2014-11-05_Bayern_Munich_vs_AS_Roma,europe_uefa-champions-league,2014-2015,2014-11-05,22:45,Bayern Munich,AS Roma,2,0,C:\Users\mansi\SheInnovates\SoccerNetData\europe_uefa-champions-league\2014-2015\2014-11-05 - 22-45 Bayern Munich 2 - 0 AS Roma\Labels-v2.json
europe_uefa-champions-league_2014-12-09_Benfica_vs_Bayer_Leverkusen,europe_uefa-champions-league,2014-2015,2014-12-09,22:45,Benfica,Bayer Leverkusen,0,0,C:\Users\mansi\SheInnovates\SoccerNetData\europe_uefa-champions-league\2014-2015\2014-12-09 - 22-45 Benfica 0 - 0 Bayer Leverkusen\Labels-v2.json
europe_uefa-champions-league_2014-12-09_Dortmund_vs_Anderlecht,europe_uefa-champions-league,2014-2015,2014-12-09,22:45,Dortmund,Anderlecht,1,1,C:\Users\mansi\SheInnovates\SoccerNetData\europe_uefa-champions-league\2014-2015\2014-12-09 - 22-45 Dortmund 1 - 1 Anderlecht\Labels-v2.json
europe_uefa-champions-league_2014-12-09_Liverpool_vs_Basel,europe_uefa-champions-league,2014-2015,2014-12-09,22:45,Liverpool,Basel,1,1,C:\Users\mansi\SheInnovates\SoccerNetData\europe_uefa-champions-league\2014-2015\2014-12-09 - 22-45 Liverpool 1 - 1 Basel\Labels-v2.json
europe_uefa-champions-league_2014-12-10_Barcelona_vs_Paris_SG,europe_uefa-champions-league,2014-2015,2014-12-10,22:45,Barcelona,Paris SG,3,1,C:\Users\mansi\SheInnovates\SoccerNetData\europe_uefa-champions-league\2014-2015\2014-12-10 - 22-45 Barcelona 3 - 1 Paris SG\Labels-v2.json
europe_uefa-champions-league_2014-12-10_Bayern_Munich_vs_CSKA_Moscow,europe_uefa-champions-league,2014-2015,2014-12-10,22:45,Bayern Munich,CSKA Moscow,3,0,C:\Users\mansi\SheInnovates\SoccerNetData\europe_uefa-champions-league\2014-2015\2014-12-10 - 22-45 Bayern Munich 3 - 0 CSKA Moscow\Labels-v2.json
europe_uefa-champions-league_2015-02-17_Paris_SG_vs_Chelsea,europe_uefa-champions-league,2014-2015,2015-02-17,22:45,Paris SG,Chelsea,1,1,C:\Users\mansi\SheInnovates\SoccerNetData\europe_uefa-champions-league\2014-2015\2015-02-17 - 22-45 Paris SG 1 - 1 Chelsea\Labels-v2.json
europe_uefa-champions-league_2015-02-17_Shakhtar_Donetsk_vs_Bayern_Munich,europe_uefa-champions-league,2014-2015,2015-02-17,22:45,Shakhtar Donetsk,Bayern Munich,0,0,C:\Users\mansi\SheInnovates\SoccerNetData\europe_uefa-champions-league\2014-2015\2015-02-17 - 22-45 Shakhtar Donetsk 0 - 0 Bayern Munich\Labels-v2.json
europe_uefa-champions-league_2015-02-18_Schalke_vs_Real_Madrid,europe_uefa-champions-league,2014-2015,2015-02-18,22:45,Schalke,Real Madrid,0,2,C:\Users\mansi\SheInnovates\SoccerNetData\europe_uefa-champions-league\2014-2015\2015-02-18 - 22-45 Schalke 0 - 2 Real Madrid\Labels-v2.json
europe_uefa-champions-league_2015-02-25_Arsenal_vs_Monaco,europe_uefa-champions-league,2014-2015,2015-02-25,22:45,Arsenal,Monaco,1,3,C:\Users\mansi\SheInnovates\SoccerNetData\europe_uefa-champions-league\2014-2015\2015-02-25 - 22-45 Arsenal 1 - 3 Monaco\Labels-v2.json
europe_uefa-champions-league_2015-02-25_Bayer_Leverkusen_vs_Atl._Madrid,europe_uefa-champions-league,2014-2015,2015-02-25,22:45,Bayer Leverkusen,Atl. Madrid,1,0,C:\Users\mansi\SheInnovates\SoccerNetData\europe_uefa-champions-league\2014-2015\2015-02-25 - 22-45 Bayer Leverkusen 1 - 0 Atl. Madrid\Labels-v2.json
europe_uefa-champions-league_2015-03-10_FC_Porto_vs_Basel,europe_uefa-champions-league,2014-2015,2015-03-10,22:45,FC Porto,Basel,4,0,C:\Users\mansi\SheInnovates\SoccerNetData\europe_uefa-champions-league\2014-2015\2015-03-10 - 22-45 FC Porto 4 - 0 Basel\Labels-v2.json
europe_uefa-champions-league_2015-03-18_Barcelona_vs_Manchester_City,europe_uefa-champions-league,2014-2015,2015-03-18,22:45,Barcelona,Manchester City,1,0,C:\Users\mansi\SheInnovates\SoccerNetData\europe_uefa-champions-league\2014-2015\2015-03-18 - 22-45 Barcelona 1 - 0 Manchester City\Labels-v2.json
europe_uefa-champions-league_2015-03-18_Dortmund_vs_Juventus,europe_uefa-champions-league,2014-2015,2015-03-18,22:45,Dortmund,Juventus,0,3,C:\Users\mansi\SheInnovates\SoccerNetData\europe_uefa-champions-league\2014-2015\2015-03-18 - 22-45 Dortmund 0 - 3 Juventus\Labels-v2.json
europe_uefa-champions-league_2015-04-14_Atl._Madrid_vs_Real_Madrid,europe_uefa-champions-league,2014-2015,2015-04-14,21:45,Atl. Madrid,Real Madrid,0,0,C:\Users\mansi\SheInnovates\SoccerNetData\europe_uefa-champions-league\2014-2015\2015-04-14 - 21-45 Atl. Madrid 0 - 0 Real Madrid\Labels-v2.json
europe_uefa-champions-league_2015-04-14_Juventus_vs_Monaco,europe_uefa-champions-league,2014-2015,2015-04-14,21:45,Juventus,Monaco,1,0,C:\Users\mansi\SheInnovates\SoccerNetData\europe_uefa-champions-league\2014-2015\2015-04-14 - 21-45 Juventus 1 - 0 Monaco\Labels-v2.json
europe_uefa-champions-league_2015-04-21_Bayern_Munich_vs_FC_Porto,europe_uefa-champions-league,2014-2015,2015-04-21,21:45,Bayern Munich,FC Porto,6,1,C:\Users\mansi\SheInnovates\SoccerNetData\europe_uefa-champions-league\2014-2015\2015-04-21 - 21-45 Bayern Munich 6 - 1 FC Porto\Labels-v2.json
europe_uefa-champions-league_2015-04-22_Monaco_vs_Juventus,europe_uefa-champions-league,2014-2015,2015-04-22,21:45,Monaco,Juventus,0,0,C:\Users\mansi\SheInnovates\SoccerNetData\europe_uefa-champions-league\2014-2015\2015-04-22 - 21-45 Monaco 0 - 0 Juventus\Labels-v2.json
europe_uefa-champions-league_2015-05-06_Barcelona_vs_Bayern_Munich,europe_uefa-champions-league,2014-2015,2015-05-06,21:45,Barcelona,Bayern Munich,3,0,C:\Users\mansi\SheInnovates\SoccerNetData\europe_uefa-champions-league\2014-2015\2015-05-06 - 21-45 Barcelona 3 - 0 Bayern Munich\Labels-v2.json
europe_uefa-champions-league_2015-05-12_Bayern_Munich_vs_Barcelona,europe_uefa-champions-league,2014-2015,2015-05-12,21:45,Bayern Munich,Barcelona,3,2,C:\Users\mansi\SheInnovates\SoccerNetData\europe_uefa-champions-league\2014-2015\2015-05-12 - 21-45 Bayern Munich 3 - 2 Barcelona\Labels-v2.json
europe_uefa-champions-league_2015-09-15_Galatasaray_vs_Atl._Madrid,europe_uefa-champions-league,2015-2016,2015-09-15,21:45,Galatasaray,Atl. Madrid,0,2,C:\Users\mansi\SheInnovates\SoccerNetData\europe_uefa-champions-league\2015-2016\2015-09-15 - 21-45 Galatasaray 0 - 2 Atl. Madrid\Labels-v2.json
europe_uefa-champions-league_2015-09-15_Manchester_City_vs_Juventus,europe_uefa-champions-league,2015-2016,2015-09-15,21:45,Manchester City,Juventus,1,2,C:\Users\mansi\SheInnovates\SoccerNetData\europe_uefa-champions-league\2015-2016\2015-09-15 - 21-45 Manchester City 1 - 2 Juventus\Labels-v2.json
europe_uefa-champions-league_2015-09-15_Paris_SG_vs_Malmo_FF,europe_uefa-champions-league,2015-2016,2015-09-15,21:45,Paris SG,Malmo FF,2,0,C:\Users\mansi\SheInnovates\SoccerNetData\europe_uefa-champions-league\2015-2016\2015-09-15 - 21-45 Paris SG 2 - 0 Malmo FF\Labels-v2.json
europe_uefa-champions-league_2015-09-15_Real_Madrid_vs_Shakhtar_Donetsk,europe_uefa-champions-league,2015-2016,2015-09-15,21:45,Real Madrid,Shakhtar Donetsk,4,0,C:\Users\mansi\SheInnovates\SoccerNetData\europe_uefa-champions-league\2015-2016\2015-09-15 - 21-45 Real Madrid 4 - 0 Shakhtar Donetsk\Labels-v2.json
europe_uefa-champions-league_2015-09-15_Sevilla_vs_B._Monchengladbach,europe_uefa-champions-league,2015-2016,2015-09-15,21:45,Sevilla,B. Monchengladbach,3,0,C:\Users\mansi\SheInnovates\SoccerNetData\europe_uefa-champions-league\2015-2016\2015-09-15 - 21-45 Sevilla 3 - 0 B. Monchengladbach\Labels-v2.json
europe_uefa-champions-league_2015-09-16_AS_Roma_vs_Barcelona,europe_uefa-champions-league,2015-2016,2015-09-16,21:45,AS Roma,Barcelona,1,1,C:\Users\mansi\SheInnovates\SoccerNetData\europe_uefa-champions-league\2015-2016\2015-09-16 - 21-45 AS Roma 1 - 1 Barcelona\Labels-v2.json
europe_uefa-champions-league_2015-09-16_Bayer_Leverkusen_vs_BATE,europe_uefa-champions-league,2015-2016,2015-09-16,21:45,Bayer Leverkusen,BATE,4,1,C:\Users\mansi\SheInnovates\SoccerNetData\europe_uefa-champions-league\2015-2016\2015-09-16 - 21-45 Bayer Leverkusen 4 - 1 BATE\Labels-v2.json
europe_uefa-champions-league_2015-09-16_Gent_vs_Lyon,europe_uefa-champions-league,2015-2016,2015-09-16,21:45,Gent,Lyon,1,1,C:\Users\mansi\SheInnovates\SoccerNetData\europe_uefa-champions-league\2015-2016\2015-09-16 - 21-45 Gent 1 - 1 Lyon\Labels-v2.json
europe_uefa-champions-league_2015-09-29_Arsenal_vs_Olympiakos_Piraeus,europe_uefa-champions-league,2015-2016,2015-09-29,21:45,Arsenal,Olympiakos Piraeus,2,3,C:\Users\mansi\SheInnovates\SoccerNetData\europe_uefa-champions-league\2015-2016\2015-09-29 - 21-45 Arsenal 2 - 3 Olympiakos Piraeus\Labels-v2.json
europe_uefa-champions-league_2015-09-29_Lyon_vs_Valencia,europe_uefa-champions-league,2015-2016,2015-09-29,21:45,Lyon,Valencia,0,1,C:\Users\mansi\SheInnovates\SoccerNetData\europe_uefa-champions-league\2015-2016\2015-09-29 - 21-45 Lyon 0 - 1 Valencia\Labels-v2.json
europe_uefa-champions-league_2015-10-20_Arsenal_vs_Bayern_Munich,europe_uefa-champions-league,2015-2016,2015-10-20,21:45,Arsenal,Bayern Munich,2,0,C:\Users\mansi\SheInnovates\SoccerNetData\europe_uefa-champions-league\2015-2016\2015-10-20 - 21-45 Arsenal 2 - 0 Bayern Munich\Labels-v2.json
europe_uefa-champions-league_2015-11-03_FC_Astana_vs_Atl._Madrid,europe_uefa-champions-league,2015-2016,2015-11-03,18:00,FC Astana,Atl. Madrid,0,0,C:\Users\mansi\SheInnovates\SoccerNetData\europe_uefa-champions-league\2015-2016\2015-11-03 - 18-00 FC Astana 0 - 0 Atl. Madrid\Labels-v2.json
europe_uefa-champions-league_2015-11-03_B._Monchengladbach_vs_Juventus,europe_uefa-champions-league,2015-2016,2015-11-03,22:45,B. Monchengladbach,Juventus,1,1,C:\Users\mansi\SheInnovates\SoccerNetData\europe_uefa-champions-league\2015-2016\2015-11-03 - 22-45 B. Monchengladbach 1 - 1 Juventus\Labels-v2.json
europe_uefa-champions-league_2015-11-03_Manchester_United_vs_CSKA_Moscow,europe_uefa-champions-league,2015-2016,2015-11-03,22:45,Manchester United,CSKA Moscow,1,0,C:\Users\mansi\SheInnovates\SoccerNetData\europe_uefa-champions-league\2015-2016\2015-11-03 - 22-45 Manchester United 1 - 0 CSKA Moscow\Labels-v2.json
europe_uefa-champions-league_2015-11-03_PSV_vs_Wolfsburg,europe_uefa-champions-league,2015-2016,2015-11-03,22:45,PSV,Wolfsburg,2,0,C:\Users\mansi\SheInnovates\SoccerNetData\europe_uefa-champions-league\2015-2016\2015-11-03 - 22-45 PSV 2 - 0 Wolfsburg\Labels-v2.json
europe_uefa-champions-league_2015-11-04_Bayern_Munich_vs_Arsenal,europe_uefa-champions-league,2015-2016,2015-11-04,22:45,Bayern Munich,Arsenal,5,1,C:\Users\mansi\SheInnovates\SoccerNetData\europe_uefa-champions-league\2015-2016\2015-11-04 - 22-45 Bayern Munich 5 - 1 Arsenal\Labels-v2.json
europe_uefa-champions-league_2015-11-04_Gent_vs_Valencia,europe_uefa-champions-league,2015-2016,2015-11-04,22:45,Gent,Valencia,1,0,C:\Users\mansi\SheInnovates\SoccerNetData\europe_uefa-champions-league\2015-2016\2015-11-04 - 22-45 Gent 1 - 0 Valencia\Labels-v2.json
europe_uefa-champions-league_2015-11-04_Lyon_vs_Zenit_Petersburg,europe_uefa-champions-league,2015-2016,2015-11-04,22:45,Lyon,Zenit Petersburg,0,2,C:\Users\mansi\SheInnovates\SoccerNetData\europe_uefa-champions-league\2015-2016\2015-11-04 - 22-45 Lyon 0 - 2 Zenit Petersburg\Labels-v2.json
europe_uefa-champions-league_2015-11-04_Maccabi_Tel_Aviv_vs_FC_Porto,europe_uefa-champions-league,2015-2016,2015-11-04,22:45,Maccabi Tel Aviv,FC Porto,1,3,C:\Users\mansi\SheInnovates\SoccerNetData\europe_uefa-champions-league\2015-2016\2015-11-04 - 22-45 Maccabi Tel Aviv 1 - 3 FC Porto\Labels-v2.json
europe_uefa-champions-league_2015-11-24_Zenit_Petersburg_vs_Valencia,europe_uefa-champions-league,2015-2016,2015-11-24,20:00,Zenit Petersburg,Valencia,2,0,C:\Users\mansi\SheInnovates\SoccerNetData\europe_uefa-champions-league\2015-2016\2015-11-24 - 20-00 Zenit Petersburg 2 - 0 Valencia\Labels-v2.json
europe_uefa-champions-league_2015-11-24_Barcelona_vs_AS_Roma,europe_uefa-champions-league,2015-2016,2015-11-24,22:45,Barcelona,AS Roma,6,1,C:\Users\mansi\SheInnovates\SoccerNetData\europe_uefa-champions-league\2015-2016\2015-11-24 - 22-45 Barcelona 6 - 1 AS Roma\Labels-v2.json
europe_uefa-champions-league_2015-11-24_Bayern_Munich_vs_Olympiakos_Piraeus,europe_uefa-champions-league,2015-2016,2015-11-24,22:45,Bayern Munich,Olympiakos Piraeus,4,0,C:\Users\mansi\SheInnovates\SoccerNetData\europe_uefa-champions-league\2015-2016\2015-11-24 - 22-45 Bayern Munich 4 - 0 Olympiakos Piraeus\Labels-v2.json
europe_uefa-champions-league_2015-11-24_FC_Porto_vs_Dyn._Kiev,europe_uefa-champions-league,2015-2016,2015-11-24,22:45,FC Porto,Dyn. Kiev,0,2,C:\Users\mansi\SheInnovates\SoccerNetData\europe_uefa-champions-league\2015-2016\2015-11-24 - 22-45 FC Porto 0 - 2 Dyn. Kiev\Labels-v2.json
europe_uefa-champions-league_2015-11-24_Maccabi_Tel_Aviv_vs_Chelsea,europe_uefa-champions-league,2015-2016,2015-11-24,22:45,Maccabi Tel Aviv,Chelsea,0,4,C:\Users\mansi\SheInnovates\SoccerNetData\europe_uefa-champions-league\2015-2016\2015-11-24 - 22-45 Maccabi Tel Aviv 0 - 4 Chelsea\Labels-v2.json
europe_uefa-champions-league_2015-11-25_CSKA_Moscow_vs_Wolfsburg,europe_uefa-champions-league,2015-2016,2015-11-25,20:00,CSKA Moscow,Wolfsburg,0,2,C:\Users\mansi\SheInnovates\SoccerNetData\europe_uefa-champions-league\2015-2016\2015-11-25 - 20-00 CSKA Moscow 0 - 2 Wolfsburg\Labels-v2.json
europe_uefa-champions-league_2015-11-25_Atl._Madrid_vs_Galatasaray,europe_uefa-champions-league,2015-2016,2015-11-25,22:45,Atl. Madrid,Galatasaray,2,0,C:\Users\mansi\SheInnovates\SoccerNetData\europe_uefa-champions-league\2015-2016\2015-11-25 - 22-45 Atl. Madrid 2 - 0 Galatasaray\Labels-v2.json
europe_uefa-champions-league_2015-11-25_B._Monchengladbach_vs_Sevilla,europe_uefa-champions-league,2015-2016,2015-11-25,22:45,B. Monchengladbach,Sevilla,4,2,C:\Users\mansi\SheInnovates\SoccerNetData\europe_uefa-champions-league\2015-2016\2015-11-25 - 22-45 B. Monchengladbach 4 - 2 Sevilla\Labels-v2.json
europe_uefa-champions-league_2015-11-25_Malmo_FF_vs_Paris_SG,europe_uefa-champions-league,2015-2016,2015-11-25,22:45,Malmo FF,Paris SG,0,5,C:\Users\mansi\SheInnovates\SoccerNetData\europe_uefa-champions-league\2015-2016\2015-11-25 - 22-45 Malmo FF 0 - 5 Paris SG\Labels-v2.json
europe_uefa-champions-league_2015-12-09_D._Zagreb_vs_Bayern_Munich,europe_uefa-champions-league,2015-2016,2015-12-09,22:45,D. Zagreb,Bayern Munich,0,2,C:\Users\mansi\SheInnovates\SoccerNetData\europe_uefa-champions-league\2015-2016\2015-12-09 - 22-45 D. Zagreb 0 - 2 Bayern Munich\Labels-v2.json
europe_uefa-champions-league_2016-09-13_Barcelona_vs_Celtic,europe_uefa-champions-league,2016-2017,2016-09-13,21:45,Barcelona,Celtic,7,0,C:\Users\mansi\SheInnovates\SoccerNetData\europe_uefa-champions-league\2016-2017\2016-09-13 - 21-45 Barcelona 7 - 0 Celtic\Labels-v2.json
europe_uefa-champions-league_2016-09-13_Dyn._Kiev_vs_Napoli,europe_uefa-champions-league,2016-2017,2016-09-13,21:45,Dyn. Kiev,Napoli,1,2,C:\Users\mansi\SheInnovates\SoccerNetData\europe_uefa-champions-league\2016-2017\2016-09-13 - 21-45 Dyn. Kiev 1 - 2 Napoli\Labels-v2.json
europe_uefa-champions-league_2016-09-28_Ludogorets_vs_Paris_SG,europe_uefa-champions-league,2016-2017,2016-09-28,21:45,Ludogorets,Paris SG,1,3,C:\Users\mansi\SheInnovates\SoccerNetData\europe_uefa-champions-league\2016-2017\2016-09-28 - 21-45 Ludogorets 1 - 3 Paris SG\Labels-v2.json
europe_uefa-champions-league_2016-10-19_Barcelona_vs_Manchester_City,europe_uefa-champions-league,2016-2017,2016-10-19,21:45,Barcelona,Manchester City,4,0,C:\Users\mansi\SheInnovates\SoccerNetData\europe_uefa-champions-league\2016-2017\2016-10-19 - 21-45 Barcelona 4 - 0 Manchester City\Labels-v2.json
europe_uefa-champions-league_2016-11-23_Celtic_vs_Barcelona,europe_uefa-champions-league,2016-2017,2016-11-23,22:45,Celtic,Barcelona,0,2,C:\Users\mansi\SheInnovates\SoccerNetData\europe_uefa-champions-league\2016-2017\2016-11-23 - 22-45 Celtic 0 - 2 Barcelona\Labels-v2.json
europe_uefa-champions-league_2016-11-23_Napoli_vs_Dyn._Kiev,europe_uefa-champions-league,2016-2017,2016-11-23,22:45,Napoli,Dyn. Kiev,0,0,C:\Users\mansi\SheInnovates\SoccerNetData\europe_uefa-champions-league\2016-2017\2016-11-23 - 22-45 Napoli 0 - 0 Dyn. Kiev\Labels-v2.json
europe_uefa-champions-league_2016-12-06_Benfica_vs_Napoli,europe_uefa-champions-league,2016-2017,2016-12-06,22:45,Benfica,Napoli,1,2,C:\Users\mansi\SheInnovates\SoccerNetData\europe_uefa-champions-league\2016-2017\2016-12-06 - 22-45 Benfica 1 - 2 Napoli\Labels-v2.json
europe_uefa-champions-league_2017-02-14_Paris_SG_vs_Barcelona,europe_uefa-champions-league,2016-2017,2017-02-14,22:45,Paris SG,Barcelona,4,0,C:\Users\mansi\SheInnovates\SoccerNetData\europe_uefa-champions-league\2016-2017\2017-02-14 - 22-45 Paris SG 4 - 0 Barcelona\Labels-v2.json
europe_uefa-champions-league_2017-02-15_Real_Madrid_vs_Napoli,europe_uefa-champions-league,2016-2017,2017-02-15,22:45,Real Madrid,Napoli,3,1,C:\Users\mansi\SheInnovates\SoccerNetData\europe_uefa-champions-league\2016-2017\2017-02-15 - 22-45 Real Madrid 3 - 1 Napoli\Labels-v2.json
europe_uefa-champions-league_2017-03-07_Napoli_vs_Real_Madrid,europe_uefa-champions-league,2016-2017,2017-03-07,22:45,Napoli,Real Madrid,1,3,C:\Users\mansi\SheInnovates\SoccerNetData\europe_uefa-champions-league\2016-2017\2017-03-07 - 22-45 Napoli 1 - 3 Real Madrid\Labels-v2.json
europe_uefa-champions-league_2017-04-18_Real_Madrid_vs_Bayern_Munich,europe_uefa-champions-league,2016-2017,2017-04-18,21:45,Real Madrid,Bayern Munich,4,2,C:\Users\mansi\SheInnovates\SoccerNetData\europe_uefa-champions-league\2016-2017\2017-04-18 - 21-45 Real Madrid 4 - 2 Bayern Munich\Labels-v2.json
france_ligue-1_2015-04-05_Marseille_vs_Paris_SG,france_ligue-1,2014-2015,2015-04-05,22:00,Marseille,Paris SG,2,3,C:\Users\mansi\SheInnovates\SoccerNetData\france_ligue-1\2014-2015\2015-04-05 - 22-00 Marseille 2 - 3 Paris SG\Labels-v2.json
france_ligue-1_2015-09-26_Nantes_vs_Paris_SG,france_ligue-1,2015-2016,2015-09-26,18:30,Nantes,Paris SG,1,4,C:\Users\mansi\SheInnovates\SoccerNetData\france_ligue-1\2015-2016\2015-09-26 - 18-30 Nantes 1 - 4 Paris SG\Labels-v2.json
france_ligue-1_2015-11-07_Paris_SG_vs_Toulouse,france_ligue-1,2015-2016,2015-11-07,19:00,Paris SG,Toulouse,5,0,C:\Users\mansi\SheInnovates\SoccerNetData\france_ligue-1\2015-2016\2015-11-07 - 19-00 Paris SG 5 - 0 Toulouse\Labels-v2.json
france_ligue-1_2016-08-12_Bastia_vs_Paris_SG,france_ligue-1,2016-2017,2016-08-12,21:00,Bastia,Paris SG,0,1,C:\Users\mansi\SheInnovates\SoccerNetData\france_ligue-1\2016-2017\2016-08-12 - 21-00 Bastia 0 - 1 Paris SG\Labels-v2.json
france_ligue-1_2016-09-16_Caen_vs_Paris_SG,france_ligue-1,2016-2017,2016-09-16,21:45,Caen,Paris SG,0,6,C:\Users\mansi\SheInnovates\SoccerNetData\france_ligue-1\2016-2017\2016-09-16 - 21-45 Caen 0 - 6 Paris SG\Labels-v2.json
france_ligue-1_2016-09-23_Toulouse_vs_Paris_SG,france_ligue-1,2016-2017,2016-09-23,21:45,Toulouse,Paris SG,2,0,C:\Users\mansi\SheInnovates\SoccerNetData\france_ligue-1\2016-2017\2016-09-23 - 21-45 Toulouse 2 - 0 Paris SG\Labels-v2.json
france_ligue-1_2016-10-01_Paris_SG_vs_Bordeaux,france_ligue-1,2016-2017,2016-10-01,18:00,Paris SG,Bordeaux,2,0,C:\Users\mansi\SheInnovates\SoccerNetData\france_ligue-1\2016-2017\2016-10-01 - 18-00 Paris SG 2 - 0 Bordeaux\Labels-v2.json
france_ligue-1_2016-10-15_Nancy_vs_Paris_SG,france_ligue-1,2016-2017,2016-10-15,18:00,Nancy,Paris SG,1,2,C:\Users\mansi\SheInnovates\SoccerNetData\france_ligue-1\2016-2017\2016-10-15 - 18-00 Nancy 1 - 2 Paris SG\Labels-v2.json
france_ligue-1_2016-10-28_Lille_vs_Paris_SG,france_ligue-1,2016-2017,2016-10-28,21:45,Lille,Paris SG,0,1,C:\Users\mansi\SheInnovates\SoccerNetData\france_ligue-1\2016-2017\2016-10-28 - 21-45 Lille 0 - 1 Paris SG\Labels-v2.json
france_ligue-1_2016-11-06_Paris_SG_vs_Rennes,france_ligue-1,2016-2017,2016-11-06,22:45,Paris SG,Rennes,4,0,C:\Users\mansi\SheInnovates\SoccerNetData\france_ligue-1\2016-2017\2016-11-06 - 22-45 Paris SG 4 - 0 Rennes\Labels-v2.json
france_ligue-1_2016-11-19_Paris_SG_vs_Nantes,france_ligue-1,2016-2017,2016-11-19,19:00,Paris SG,Nantes,2,0,C:\Users\mansi\SheInnovates\SoccerNetData\france_ligue-1\2016-2017\2016-11-19 - 19-00 Paris SG 2 - 0 Nantes\Labels-v2.json
france_ligue-1_2016-11-27_Lyon_vs_Paris_SG,france_ligue-1,2016-2017,2016-11-27,22:45,Lyon,Paris SG,1,2,C:\Users\mansi\SheInnovates\SoccerNetData\france_ligue-1\2016-2017\2016-11-27 - 22-45 Lyon 1 - 2 Paris SG\Labels-v2.json
france_ligue-1_2016-12-11_Paris_SG_vs_Nice,france_ligue-1,2016-2017,2016-12-11,22:45,Paris SG,Nice,2,2,C:\Users\mansi\SheInnovates\SoccerNetData\france_ligue-1\2016-2017\2016-12-11 - 22-45 Paris SG 2 - 2 Nice\Labels-v2.json
france_ligue-1_2016-12-17_Guingamp_vs_Paris_SG,france_ligue-1,2016-2017,2016-12-17,19:00,Guingamp,Paris SG,2,1,C:\Users\mansi\SheInnovates\SoccerNetData\france_ligue-1\2016-2017\2016-12-17 - 19-00 Guingamp 2 - 1 Paris SG\Labels-v2.json
france_ligue-1_2016-12-21_Paris_SG_vs_Lorient,france_ligue-1,2016-2017,2016-12-21,22:50,Paris SG,Lorient,5,0,C:\Users\mansi\SheInnovates\SoccerNetData\france_ligue-1\2016-2017\2016-12-21 - 22-50 Paris SG 5 - 0 Lorient\Labels-v2.json
france_ligue-1_2017-01-21_Nantes_vs_Paris_SG,france_ligue-1,2016-2017,2017-01-21,19:00,Nantes,Paris SG,0,2,C:\Users\mansi\SheInnovates\SoccerNetData\france_ligue-1\2016-2017\2017-01-21 - 19-00 Nantes 0 - 2 Paris SG\Labels-v2.json
france_ligue-1_2017-02-10_Bordeaux_vs_Paris_SG,france_ligue-1,2016-2017,2017-02-10,22:45,Bordeaux,Paris SG,0,3,C:\Users\mansi\SheInnovates\SoccerNetData\france_ligue-1\2016-2017\2017-02-10 - 22-45 Bordeaux 0 - 3 Paris SG\Labels-v2.json
france_ligue-1_2017-02-19_Paris_SG_vs_Toulouse,france_ligue-1,2016-2017,2017-02-19,23:00,Paris SG,Toulouse,0,0,C:\Users\mansi\SheInnovates\SoccerNetData\france_ligue-1\2016-2017\2017-02-19 - 23-00 Paris SG 0 - 0 Toulouse\Labels-v2.json
france_ligue-1_2017-02-26_Marseille_vs_Paris_SG,france_ligue-1,2016-2017,2017-02-26,23:00,Marseille,Paris SG,1,5,C:\Users\mansi\SheInnovates\SoccerNetData\france_ligue-1\2016-2017\2017-02-26 - 23-00 Marseille 1 - 5 Paris SG\Labels-v2.json
france_ligue-1_2017-03-12_Lorient_vs_Paris_SG,france_ligue-1,2016-2017,2017-03-12,23:00,Lorient,Paris SG,1,2,C:\Users\mansi\SheInnovates\SoccerNetData\france_ligue-1\2016-2017\2017-03-12 - 23-00 Lorient 1 - 2 Paris SG\Labels-v2.json
france_ligue-1_2017-03-19_Paris_SG_vs_Lyon,france_ligue-1,2016-2017,2017-03-19,23:00,Paris SG,Lyon,2,1,C:\Users\mansi\SheInnovates\SoccerNetData\france_ligue-1\2016-2017\2017-03-19 - 23-00 Paris SG 2 - 1 Lyon\Labels-v2.json
france_ligue-1_2017-04-14_Angers_vs_Paris_SG,france_ligue-1,2016-2017,2017-04-14,21:45,Angers,Paris SG,0,2,C:\Users\mansi\SheInnovates\SoccerNetData\france_ligue-1\2016-2017\2017-04-14 - 21-45 Angers 0 - 2 Paris SG\Labels-v2.json
france_ligue-1_2017-04-18_Metz_vs_Paris_SG,france_ligue-1,2016-2017,2017-04-18,19:30,Metz,Paris SG,2,3,C:\Users\mansi\SheInnovates\SoccerNetData\france_ligue-1\2016-2017\2017-04-18 - 19-30 Metz 2 - 3 Paris SG\Labels-v2.json
france_ligue-1_2017-04-22_Paris_SG_vs_Montpellier,france_ligue-1,2016-2017,2017-04-22,18:00,Paris SG,Montpellier,2,0,C:\Users\mansi\SheInnovates\SoccerNetData\france_ligue-1\2016-2017\2017-04-22 - 18-00 Paris SG 2 - 0 Montpellier\Labels-v2.json
france_ligue-1_2017-04-30_Nice_vs_Paris_SG,france_ligue-1,2016-2017,2017-04-30,22:00,Nice,Paris SG,3,1,C:\Users\mansi\SheInnovates\SoccerNetData\france_ligue-1\2016-2017\2017-04-30 - 22-00 Nice 3 - 1 Paris SG\Labels-v2.json
france_ligue-1_2017-05-06_Paris_SG_vs_Bastia,france_ligue-1,2016-2017,2017-05-06,18:00,Paris SG,Bastia,5,0,C:\Users\mansi\SheInnovates\SoccerNetData\france_ligue-1\2016-2017\2017-05-06 - 18-00 Paris SG 5 - 0 Bastia\Labels-v2.json
france_ligue-1_2017-05-20_Paris_SG_vs_Caen,france_ligue-1,2016-2017,2017-05-20,22:00,Paris SG,Caen,1,1,C:\Users\mansi\SheInnovates\SoccerNetData\france_ligue-1\2016-2017\2017-05-20 - 22-00 Paris SG 1 - 1 Caen\Labels-v2.json
germany_bundesliga_2015-02-21_Paderborn_vs_Bayern_Munich,germany_bundesliga,2014-2015,2015-02-21,17:30,Paderborn,Bayern Munich,0,6,C:\Users\mansi\SheInnovates\SoccerNetData\germany_bundesliga\2014-2015\2015-02-21 - 17-30 Paderborn 0 - 6 Bayern Munich\Labels-v2.json
germany_bundesliga_2015-04-11_Bayern_Munich_vs_Eintracht_Frankfurt,germany_bundesliga,2014-2015,2015-04-11,16:30,Bayern Munich,Eintracht Frankfurt,3,0,C:\Users\mansi\SheInnovates\SoccerNetData\germany_bundesliga\2014-2015\2015-04-11 - 16-30 Bayern Munich 3 - 0 Eintracht Frankfurt\Labels-v2.json
germany_bundesliga_2015-04-25_Dortmund_vs_Eintracht_Frankfurt,germany_bundesliga,2014-2015,2015-04-25,16:30,Dortmund,Eintracht Frankfurt,2,0,C:\Users\mansi\SheInnovates\SoccerNetData\germany_bundesliga\2014-2015\2015-04-25 - 16-30 Dortmund 2 - 0 Eintracht Frankfurt\Labels-v2.json
germany_bundesliga_2015-05-09_Dortmund_vs_Hertha_Berlin,germany_bundesliga,2014-2015,2015-05-09,16:30,Dortmund,Hertha Berlin,2,0,C:\Users\mansi\SheInnovates\SoccerNetData\germany_bundesliga\2014-2015\2015-05-09 - 16-30 Dortmund 2 - 0 Hertha Berlin\Labels-v2.json
germany_bundesliga_2015-05-16_Wolfsburg_vs_Dortmund,germany_bundesliga,2014-2015,2015-05-16,16:30,Wolfsburg,Dortmund,2,1,C:\Users\mansi\SheInnovates\SoccerNetData\germany_bundesliga\2014-2015\2015-05-16 - 16-30 Wolfsburg 2 - 1 Dortmund\Labels-v2.json
germany_bundesliga_2015-08-22_Hoffenheim_vs_Bayern_Munich,germany_bundesliga,2015-2016,2015-08-22,16:30,Hoffenheim,Bayern Munich,1,2,C:\Users\mansi\SheInnovates\SoccerNetData\germany_bundesliga\2015-2016\2015-08-22 - 16-30 Hoffenheim 1 - 2 Bayern Munich\Labels-v2.json
germany_bundesliga_2015-08-30_Dortmund_vs_Hertha_Berlin,germany_bundesliga,2015-2016,2015-08-30,16:30,Dortmund,Hertha Berlin,3,1,C:\Users\mansi\SheInnovates\SoccerNetData\germany_bundesliga\2015-2016\2015-08-30 - 16-30 Dortmund 3 - 1 Hertha Berlin\Labels-v2.json
germany_bundesliga_2015-09-19_Darmstadt_vs_Bayern_Munich,germany_bundesliga,2015-2016,2015-09-19,16:30,Darmstadt,Bayern Munich,0,3,C:\Users\mansi\SheInnovates\SoccerNetData\germany_bundesliga\2015-2016\2015-09-19 - 16-30 Darmstadt 0 - 3 Bayern Munich\Labels-v2.json
germany_bundesliga_2015-09-22_Bayern_Munich_vs_Wolfsburg,germany_bundesliga,2015-2016,2015-09-22,21:00,Bayern Munich,Wolfsburg,5,1,C:\Users\mansi\SheInnovates\SoccerNetData\germany_bundesliga\2015-2016\2015-09-22 - 21-00 Bayern Munich 5 - 1 Wolfsburg\Labels-v2.json
germany_bundesliga_2015-09-26_1._FSV_Mainz_05_vs_Bayern_Munich,germany_bundesliga,2015-2016,2015-09-26,16:30,1. FSV Mainz 05,Bayern Munich,0,3,C:\Users\mansi\SheInnovates\SoccerNetData\germany_bundesliga\2015-2016\2015-09-26 - 16-30 1. FSV Mainz 05 0 - 3 Bayern Munich\Labels-v2.json
germany_bundesliga_2015-12-12_Bayern_Munich_vs_Ingolstadt,germany_bundesliga,2015-2016,2015-12-12,17:30,Bayern Munich,Ingolstadt,2,0,C:\Users\mansi\SheInnovates\SoccerNetData\germany_bundesliga\2015-2016\2015-12-12 - 17-30 Bayern Munich 2 - 0 Ingolstadt\Labels-v2.json
germany_bundesliga_2016-01-31_Bayern_Munich_vs_Hoffenheim,germany_bundesliga,2015-2016,2016-01-31,19:30,Bayern Munich,Hoffenheim,2,0,C:\Users\mansi\SheInnovates\SoccerNetData\germany_bundesliga\2015-2016\2016-01-31 - 19-30 Bayern Munich 2 - 0 Hoffenheim\Labels-v2.json
germany_bundesliga_2016-04-02_Bayern_Munich_vs_Eintracht_Frankfurt,germany_bundesliga,2015-2016,2016-04-02,16:30,Bayern Munich,Eintracht Frankfurt,1,0,C:\Users\mansi\SheInnovates\SoccerNetData\germany_bundesliga\2015-2016\2016-04-02 - 16-30 Bayern Munich 1 - 0 Eintracht Frankfurt\Labels-v2.json
germany_bundesliga_2016-04-09_VfB_Stuttgart_vs_Bayern_Munich,germany_bundesliga,2015-2016,2016-04-09,16:30,VfB Stuttgart,Bayern Munich,1,3,C:\Users\mansi\SheInnovates\SoccerNetData\germany_bundesliga\2015-2016\2016-04-09 - 16-30 VfB Stuttgart 1 - 3 Bayern Munich\Labels-v2.json
germany_bundesliga_2016-04-16_Bayern_Munich_vs_Schalke,germany_bundesliga,2015-2016,2016-04-16,19:30,Bayern Munich,Schalke,3,0,C:\Users\mansi\SheInnovates\SoccerNetData\germany_bundesliga\2015-2016\2016-04-16 - 19-30 Bayern Munich 3 - 0 Schalke\Labels-v2.json
germany_bundesliga_2016-09-17_Dortmund_vs_Darmstadt,germany_bundesliga,2016-2017,2016-09-17,16:30,Dortmund,Darmstadt,6,0,C:\Users\mansi\SheInnovates\SoccerNetData\germany_bundesliga\2016-2017\2016-09-17 - 16-30 Dortmund 6 - 0 Darmstadt\Labels-v2.json
germany_bundesliga_2016-09-20_Wolfsburg_vs_Dortmund,germany_bundesliga,2016-2017,2016-09-20,21:00,Wolfsburg,Dortmund,1,5,C:\Users\mansi\SheInnovates\SoccerNetData\germany_bundesliga\2016-2017\2016-09-20 - 21-00 Wolfsburg 1 - 5 Dortmund\Labels-v2.json
germany_bundesliga_2016-09-23_Dortmund_vs_SC_Freiburg,germany_bundesliga,2016-2017,2016-09-23,21:30,Dortmund,SC Freiburg,3,1,C:\Users\mansi\SheInnovates\SoccerNetData\germany_bundesliga\2016-2017\2016-09-23 - 21-30 Dortmund 3 - 1 SC Freiburg\Labels-v2.json
germany_bundesliga_2016-10-14_Dortmund_vs_Hertha_Berlin,germany_bundesliga,2016-2017,2016-10-14,21:30,Dortmund,Hertha Berlin,1,1,C:\Users\mansi\SheInnovates\SoccerNetData\germany_bundesliga\2016-2017\2016-10-14 - 21-30 Dortmund 1 - 1 Hertha Berlin\Labels-v2.json
germany_bundesliga_2016-10-22_Ingolstadt_vs_Dortmund,germany_bundesliga,2016-2017,2016-10-22,16:30,Ingolstadt,Dortmund,3,3,C:\Users\mansi\SheInnovates\SoccerNetData\germany_bundesliga\2016-2017\2016-10-22 - 16-30 Ingolstadt 3 - 3 Dortmund\Labels-v2.json
germany_bundesliga_2016-10-29_Dortmund_vs_Schalke,germany_bundesliga,2016-2017,2016-10-29,19:30,Dortmund,Schalke,0,0,C:\Users\mansi\SheInnovates\SoccerNetData\germany_bundesliga\2016-2017\2016-10-29 - 19-30 Dortmund 0 - 0 Schalke\Labels-v2.json
germany_bundesliga_2016-11-26_Eintracht_Frankfurt_vs_Dortmund,germany_bundesliga,2016-2017,2016-11-26,17:30,Eintracht Frankfurt,Dortmund,2,1,C:\Users\mansi\SheInnovates\SoccerNetData\germany_bundesliga\2016-2017\2016-11-26 - 17-30 Eintracht Frankfurt 2 - 1 Dortmund\Labels-v2.json
germany_bundesliga_2016-12-10_FC_Koln_vs_Dortmund,germany_bundesliga,2016-2017,2016-12-10,17:30,FC Koln,Dortmund,1,1,C:\Users\mansi\SheInnovates\SoccerNetData\germany_bundesliga\2016-2017\2016-12-10 - 17-30 FC Koln 1 - 1 Dortmund\Labels-v2.json
germany_bundesliga_2016-12-20_Dortmund_vs_FC_Augsburg,germany_bundesliga,2016-2017,2016-12-20,22:00,Dortmund,FC Augsburg,1,1,C:\Users\mansi\SheInnovates\SoccerNetData\germany_bundesliga\2016-2017\2016-12-20 - 22-00 Dortmund 1 - 1 FC Augsburg\Labels-v2.json
germany_bundesliga_2017-02-04_Dortmund_vs_RB_Leipzig,germany_bundesliga,2016-2017,2017-02-04,20:30,Dortmund,RB Leipzig,1,0,C:\Users\mansi\SheInnovates\SoccerNetData\germany_bundesliga\2016-2017\2017-02-04 - 20-30 Dortmund 1 - 0 RB Leipzig\Labels-v2.json
germany_bundesliga_2017-02-11_Darmstadt_vs_Dortmund,germany_bundesliga,2016-2017,2017-02-11,17:30,Darmstadt,Dortmund,2,1,C:\Users\mansi\SheInnovates\SoccerNetData\germany_bundesliga\2016-2017\2017-02-11 - 17-30 Darmstadt 2 - 1 Dortmund\Labels-v2.json
germany_bundesliga_2017-02-18_Dortmund_vs_Wolfsburg,germany_bundesliga,2016-2017,2017-02-18,17:30,Dortmund,Wolfsburg,3,0,C:\Users\mansi\SheInnovates\SoccerNetData\germany_bundesliga\2016-2017\2017-02-18 - 17-30 Dortmund 3 - 0 Wolfsburg\Labels-v2.json
germany_bundesliga_2017-03-17_Dortmund_vs_Ingolstadt,germany_bundesliga,2016-2017,2017-03-17,22:30,Dortmund,Ingolstadt,1,0,C:\Users\mansi\SheInnovates\SoccerNetData\germany_bundesliga\2016-2017\2017-03-17 - 22-30 Dortmund 1 - 0 Ingolstadt\Labels-v2.json
germany_bundesliga_2017-04-01_Schalke_vs_Dortmund,germany_bundesliga,2016-2017,2017-04-01,16:30,Schalke,Dortmund,1,1,C:\Users\mansi\SheInnovates\SoccerNetData\germany_bundesliga\2016-2017\2017-04-01 - 16-30 Schalke 1 - 1 Dortmund\Labels-v2.json
germany_bundesliga_2017-04-15_Dortmund_vs_Eintracht_Frankfurt,germany_bundesliga,2016-2017,2017-04-15,16:30,Dortmund,Eintracht Frankfurt,3,1,C:\Users\mansi\SheInnovates\SoccerNetData\germany_bundesliga\2016-2017\2017-04-15 - 16-30 Dortmund 3 - 1 Eintracht Frankfurt\Labels-v2.json
germany_bundesliga_2017-05-13_FC_Augsburg_vs_Dortmund,germany_bundesliga,2016-2017,2017-05-13,16:30,FC Augsburg,Dortmund,1,1,C:\Users\mansi\SheInnovates\SoccerNetData\germany_bundesliga\2016-2017\2017-05-13 - 16-30 FC Augsburg 1 - 1 Dortmund\Labels-v2.json
italy_serie-a_2015-02-15_AC_Milan_vs_Empoli,italy_serie-a,2014-2015,2015-02-15,14:30,AC Milan,Empoli,1,1,C:\Users\mansi\SheInnovates\SoccerNetData\italy_serie-a\2014-2015\2015-02-15 - 14-30 AC Milan 1 - 1 Empoli\Labels-v2.json
italy_serie-a_2015-04-11_Verona_vs_Inter,italy_serie-a,2014-2015,2015-04-11,21:45,Verona,Inter,0,3,C:\Users\mansi\SheInnovates\SoccerNetData\italy_serie-a\2014-2015\2015-04-11 - 21-45 Verona 0 - 3 Inter\Labels-v2.json
italy_serie-a_2015-04-19_Inter_vs_AC_Milan,italy_serie-a,2014-2015,2015-04-19,21:45,Inter,AC Milan,0,0,C:\Users\mansi\SheInnovates\SoccerNetData\italy_serie-a\2014-2015\2015-04-19 - 21-45 Inter 0 - 0 AC Milan\Labels-v2.json
italy_serie-a_2015-04-25_Inter_vs_AS_Roma,italy_serie-a,2014-2015,2015-04-25,21:45,Inter,AS Roma,2,1,C:\Users\mansi\SheInnovates\SoccerNetData\italy_serie-a\2014-2015\2015-04-25 - 21-45 Inter 2 - 1 AS Roma\Labels-v2.json
italy_serie-a_2015-04-26_Torino_vs_Juventus,italy_serie-a,2014-2015,2015-04-26,16:00,Torino,Juventus,2,1,C:\Users\mansi\SheInnovates\SoccerNetData\italy_serie-a\2014-2015\2015-04-26 - 16-00 Torino 2 - 1 Juventus\Labels-v2.json
italy_serie-a_2015-05-03_Napoli_vs_AC_Milan,italy_serie-a,2014-2015,2015-05-03,21:45,Napoli,AC Milan,3,0,C:\Users\mansi\SheInnovates\SoccerNetData\italy_serie-a\2014-2015\2015-05-03 - 21-45 Napoli 3 - 0 AC Milan\Labels-v2.json
italy_serie-a_2015-05-16_Inter_vs_Juventus,italy_serie-a,2014-2015,2015-05-16,19:00,Inter,Juventus,1,2,C:\Users\mansi\SheInnovates\SoccerNetData\italy_serie-a\2014-2015\2015-05-16 - 19-00 Inter 1 - 2 Juventus\Labels-v2.json
italy_serie-a_2015-09-20_Chievo_vs_Inter,italy_serie-a,2015-2016,2015-09-20,13:30,Chievo,Inter,0,1,C:\Users\mansi\SheInnovates\SoccerNetData\italy_serie-a\2015-2016\2015-09-20 - 13-30 Chievo 0 - 1 Inter\Labels-v2.json
italy_serie-a_2015-09-22_Udinese_vs_AC_Milan,italy_serie-a,2015-2016,2015-09-22,21:45,Udinese,AC Milan,2,3,C:\Users\mansi\SheInnovates\SoccerNetData\italy_serie-a\2015-2016\2015-09-22 - 21-45 Udinese 2 - 3 AC Milan\Labels-v2.json
italy_serie-a_2015-11-01_Lazio_vs_AC_Milan,italy_serie-a,2015-2016,2015-11-01,22:45,Lazio,AC Milan,1,3,C:\Users\mansi\SheInnovates\SoccerNetData\italy_serie-a\2015-2016\2015-11-01 - 22-45 Lazio 1 - 3 AC Milan\Labels-v2.json
italy_serie-a_2015-11-07_AC_Milan_vs_Atalanta,italy_serie-a,2015-2016,2015-11-07,22:45,AC Milan,Atalanta,0,0,C:\Users\mansi\SheInnovates\SoccerNetData\italy_serie-a\2015-2016\2015-11-07 - 22-45 AC Milan 0 - 0 Atalanta\Labels-v2.json
italy_serie-a_2015-11-22_Inter_vs_Frosinone,italy_serie-a,2015-2016,2015-11-22,22:45,Inter,Frosinone,4,0,C:\Users\mansi\SheInnovates\SoccerNetData\italy_serie-a\2015-2016\2015-11-22 - 22-45 Inter 4 - 0 Frosinone\Labels-v2.json
italy_serie-a_2016-08-21_Pescara_vs_Napoli,italy_serie-a,2016-2017,2016-08-21,21:45,Pescara,Napoli,2,2,C:\Users\mansi\SheInnovates\SoccerNetData\italy_serie-a\2016-2017\2016-08-21 - 21-45 Pescara 2 - 2 Napoli\Labels-v2.json
italy_serie-a_2016-08-28_Cagliari_vs_AS_Roma,italy_serie-a,2016-2017,2016-08-28,21:45,Cagliari,AS Roma,2,2,C:\Users\mansi\SheInnovates\SoccerNetData\italy_serie-a\2016-2017\2016-08-28 - 21-45 Cagliari 2 - 2 AS Roma\Labels-v2.json
italy_serie-a_2016-09-10_Palermo_vs_Napoli,italy_serie-a,2016-2017,2016-09-10,21:45,Palermo,Napoli,0,3,C:\Users\mansi\SheInnovates\SoccerNetData\italy_serie-a\2016-2017\2016-09-10 - 21-45 Palermo 0 - 3 Napoli\Labels-v2.json
italy_serie-a_2016-09-16_Sampdoria_vs_AC_Milan,italy_serie-a,2016-2017,2016-09-16,21:45,Sampdoria,AC Milan,0,1,C:\Users\mansi\SheInnovates\SoccerNetData\italy_serie-a\2016-2017\2016-09-16 - 21-45 Sampdoria 0 - 1 AC Milan\Labels-v2.json
italy_serie-a_2016-09-17_Napoli_vs_Bologna,italy_serie-a,2016-2017,2016-09-17,21:45,Napoli,Bologna,3,1,C:\Users\mansi\SheInnovates\SoccerNetData\italy_serie-a\2016-2017\2016-09-17 - 21-45 Napoli 3 - 1 Bologna\Labels-v2.json
italy_serie-a_2016-09-21_AS_Roma_vs_Crotone,italy_serie-a,2016-2017,2016-09-21,21:45,AS Roma,Crotone,4,0,C:\Users\mansi\SheInnovates\SoccerNetData\italy_serie-a\2016-2017\2016-09-21 - 21-45 AS Roma 4 - 0 Crotone\Labels-v2.json
italy_serie-a_2016-10-15_Napoli_vs_AS_Roma,italy_serie-a,2016-2017,2016-10-15,16:00,Napoli,AS Roma,1,3,C:\Users\mansi\SheInnovates\SoccerNetData\italy_serie-a\2016-2017\2016-10-15 - 16-00 Napoli 1 - 3 AS Roma\Labels-v2.json
italy_serie-a_2016-10-23_Crotone_vs_Napoli,italy_serie-a,2016-2017,2016-10-23,16:00,Crotone,Napoli,1,2,C:\Users\mansi\SheInnovates\SoccerNetData\italy_serie-a\2016-2017\2016-10-23 - 16-00 Crotone 1 - 2 Napoli\Labels-v2.json
italy_serie-a_2016-10-23_AS_Roma_vs_Palermo,italy_serie-a,2016-2017,2016-10-23,21:45,AS Roma,Palermo,4,1,C:\Users\mansi\SheInnovates\SoccerNetData\italy_serie-a\2016-2017\2016-10-23 - 21-45 AS Roma 4 - 1 Palermo\Labels-v2.json
italy_serie-a_2016-10-25_Genoa_vs_AC_Milan,italy_serie-a,2016-2017,2016-10-25,21:45,Genoa,AC Milan,3,0,C:\Users\mansi\SheInnovates\SoccerNetData\italy_serie-a\2016-2017\2016-10-25 - 21-45 Genoa 3 - 0 AC Milan\Labels-v2.json
italy_serie-a_2016-10-26_Napoli_vs_Empoli,italy_serie-a,2016-2017,2016-10-26,21:45,Napoli,Empoli,2,0,C:\Users\mansi\SheInnovates\SoccerNetData\italy_serie-a\2016-2017\2016-10-26 - 21-45 Napoli 2 - 0 Empoli\Labels-v2.json
italy_serie-a_2016-10-26_Sassuolo_vs_AS_Roma,italy_serie-a,2016-2017,2016-10-26,21:45,Sassuolo,AS Roma,1,3,C:\Users\mansi\SheInnovates\SoccerNetData\italy_serie-a\2016-2017\2016-10-26 - 21-45 Sassuolo 1 - 3 AS Roma\Labels-v2.json
italy_serie-a_2016-10-30_AC_Milan_vs_Pescara,italy_serie-a,2016-2017,2016-10-30,17:00,AC Milan,Pescara,1,0,C:\Users\mansi\SheInnovates\SoccerNetData\italy_serie-a\2016-2017\2016-10-30 - 17-00 AC Milan 1 - 0 Pescara\Labels-v2.json
italy_serie-a_2016-10-30_Empoli_vs_AS_Roma,italy_serie-a,2016-2017,2016-10-30,17:00,Empoli,AS Roma,0,0,C:\Users\mansi\SheInnovates\SoccerNetData\italy_serie-a\2016-2017\2016-10-30 - 17-00 Empoli 0 - 0 AS Roma\Labels-v2.json
italy_serie-a_2016-11-06_Palermo_vs_AC_Milan,italy_serie-a,2016-2017,2016-11-06,17:00,Palermo,AC Milan,1,2,C:\Users\mansi\SheInnovates\SoccerNetData\italy_serie-a\2016-2017\2016-11-06 - 17-00 Palermo 1 - 2 AC Milan\Labels-v2.json
italy_serie-a_2016-11-06_AS_Roma_vs_Bologna,italy_serie-a,2016-2017,2016-11-06,22:45,AS Roma,Bologna,3,0,C:\Users\mansi\SheInnovates\SoccerNetData\italy_serie-a\2016-2017\2016-11-06 - 22-45 AS Roma 3 - 0 Bologna\Labels-v2.json
italy_serie-a_2016-11-20_AC_Milan_vs_Inter,italy_serie-a,2016-2017,2016-11-20,22:45,AC Milan,Inter,2,2,C:\Users\mansi\SheInnovates\SoccerNetData\italy_serie-a\2016-2017\2016-11-20 - 22-45 AC Milan 2 - 2 Inter\Labels-v2.json
italy_serie-a_2016-11-27_AS_Roma_vs_Pescara,italy_serie-a,2016-2017,2016-11-27,22:45,AS Roma,Pescara,3,2,C:\Users\mansi\SheInnovates\SoccerNetData\italy_serie-a\2016-2017\2016-11-27 - 22-45 AS Roma 3 - 2 Pescara\Labels-v2.json
italy_serie-a_2016-12-04_AC_Milan_vs_Crotone,italy_serie-a,2016-2017,2016-12-04,14:30,AC Milan,Crotone,2,1,C:\Users\mansi\SheInnovates\SoccerNetData\italy_serie-a\2016-2017\2016-12-04 - 14-30 AC Milan 2 - 1 Crotone\Labels-v2.json
italy_serie-a_2016-12-17_AC_Milan_vs_Atalanta,italy_serie-a,2016-2017,2016-12-17,20:00,AC Milan,Atalanta,0,0,C:\Users\mansi\SheInnovates\SoccerNetData\italy_serie-a\2016-2017\2016-12-17 - 20-00 AC Milan 0 - 0 Atalanta\Labels-v2.json
italy_serie-a_2016-12-22_AS_Roma_vs_Chievo,italy_serie-a,2016-2017,2016-12-22,22:45,AS Roma,Chievo,3,1,C:\Users\mansi\SheInnovates\SoccerNetData\italy_serie-a\2016-2017\2016-12-22 - 22-45 AS Roma 3 - 1 Chievo\Labels-v2.json
italy_serie-a_2017-01-08_AC_Milan_vs_Cagliari,italy_serie-a,2016-2017,2017-01-08,20:00,AC Milan,Cagliari,1,0,C:\Users\mansi\SheInnovates\SoccerNetData\italy_serie-a\2016-2017\2017-01-08 - 20-00 AC Milan 1 - 0 Cagliari\Labels-v2.json
italy_serie-a_2017-01-15_Napoli_vs_Pescara,italy_serie-a,2016-2017,2017-01-15,17:00,Napoli,Pescara,3,1,C:\Users\mansi\SheInnovates\SoccerNetData\italy_serie-a\2016-2017\2017-01-15 - 17-00 Napoli 3 - 1 Pescara\Labels-v2.json
italy_serie-a_2017-01-15_Udinese_vs_AS_Roma,italy_serie-a,2016-2017,2017-01-15,17:00,Udinese,AS Roma,0,1,C:\Users\mansi\SheInnovates\SoccerNetData\italy_serie-a\2016-2017\2017-01-15 - 17-00 Udinese 0 - 1 AS Roma\Labels-v2.json
italy_serie-a_2017-01-21_AC_Milan_vs_Napoli,italy_serie-a,2016-2017,2017-01-21,22:45,AC Milan,Napoli,1,2,C:\Users\mansi\SheInnovates\SoccerNetData\italy_serie-a\2016-2017\2017-01-21 - 22-45 AC Milan 1 - 2 Napoli\Labels-v2.json
italy_serie-a_2017-02-04_Bologna_vs_Napoli,italy_serie-a,2016-2017,2017-02-04,22:45,Bologna,Napoli,1,7,C:\Users\mansi\SheInnovates\SoccerNetData\italy_serie-a\2016-2017\2017-02-04 - 22-45 Bologna 1 - 7 Napoli\Labels-v2.json
italy_serie-a_2017-02-10_Napoli_vs_Genoa,italy_serie-a,2016-2017,2017-02-10,22:45,Napoli,Genoa,2,0,C:\Users\mansi\SheInnovates\SoccerNetData\italy_serie-a\2016-2017\2017-02-10 - 22-45 Napoli 2 - 0 Genoa\Labels-v2.json
italy_serie-a_2017-02-12_Crotone_vs_AS_Roma,italy_serie-a,2016-2017,2017-02-12,14:30,Crotone,AS Roma,0,2,
